encoder,case_id,symbology,category,ec_level,encoding,pdf417_columns,status,detail,n_samples,n_trials_valid,validity_rate,median_ms,mean_ms,stddev_ms,min_ms,median_area_modules,median_file_bytes
opencv,qr-alnum-eclH,qr,alnum,H,,,ok,,100,5,1.0,10.5158,10.1462,1.2422,7.067,1089,2737
opencv,qr-alnum-eclH-svg,qr,alnum,H,,,unsupported,no native SVG writer,0,0,,,,,,,
opencv,qr-alnum-eclL,qr,alnum,L,,,ok,,100,5,1.0,5.527,5.5531,0.3705,4.8606,625,1694
opencv,qr-alnum-eclL-svg,qr,alnum,L,,,unsupported,no native SVG writer,0,0,,,,,,,
opencv,qr-alnum-eclM,qr,alnum,M,,,ok,,100,5,1.0,5.8591,6.5105,1.2839,4.8793,625,1700
opencv,qr-alnum-eclM-svg,qr,alnum,M,,,unsupported,no native SVG writer,0,0,,,,,,,
opencv,qr-alnum-eclQ,qr,alnum,Q,,,ok,,100,5,1.0,8.3848,9.2612,1.8059,7.0701,841,2222
opencv,qr-alnum-eclQ-svg,qr,alnum,Q,,,unsupported,no native SVG writer,0,0,,,,,,,
opencv,qr-base64_nc-eclM,qr,base64_near_capacity,M,,,ok,,100,5,1.0,339.2137,341.6788,9.86,324.7095,27225,54541
opencv,qr-base64_nc-eclM-svg,qr,base64_near_capacity,M,,,unsupported,no native SVG writer,0,0,,,,,,,
opencv,qr-bcbp-eclM,qr,bcbp,M,,,ok,,100,5,1.0,13.3116,12.0409,3.8722,7.1452,1369,3309
opencv,qr-bcbp-eclM-svg,qr,bcbp,M,,,unsupported,no native SVG writer,0,0,,,,,,,
opencv,qr-json_nc-eclM,qr,json_near_capacity,M,,,ok,,100,5,1.0,340.461,342.7875,11.5269,328.4942,27225,54633
opencv,qr-json_nc-eclM-svg,qr,json_near_capacity,M,,,unsupported,no native SVG writer,0,0,,,,,,,
opencv,qr-kanji-eclM,qr,kanji,M,shift_jis,,ok,,100,5,1.0,13.8545,14.0057,3.739,7.3615,1369,3340
opencv,qr-kanji-eclM-auto,qr,kanji,M,,,ok,,100,5,1.0,13.9132,13.8788,3.5803,7.1798,1369,3340
opencv,qr-kanji-eclM-auto-svg,qr,kanji,M,,,unsupported,no native SVG writer,0,0,,,,,,,
opencv,qr-kanji-eclM-svg,qr,kanji,M,shift_jis,,unsupported,no native SVG writer,0,0,,,,,,,
opencv,qr-latin1-eclM,qr,latin1,M,iso-8859-1,,ok,,100,5,1.0,14.1142,18.0559,5.5613,12.6216,1369,3298
opencv,qr-latin1-eclM-auto,qr,latin1,M,,,ok,,100,5,1.0,14.1419,17.7639,5.3206,12.7056,1369,3298
opencv,qr-latin1-eclM-auto-svg,qr,latin1,M,,,unsupported,no native SVG writer,0,0,,,,,,,
opencv,qr-latin1-eclM-svg,qr,latin1,M,iso-8859-1,,unsupported,no native SVG writer,0,0,,,,,,,
opencv,qr-latin1_ambiguous-eclM,qr,latin1_ambiguous,M,iso-8859-1,,ok,,100,5,1.0,21.3309,19.8924,6.8988,10.0343,2025,4743
opencv,qr-latin1_ambiguous-eclM-auto,qr,latin1_ambiguous,M,,,ok,,100,5,1.0,21.2634,19.7033,6.5964,9.8741,2025,4743
opencv,qr-latin1_ambiguous-eclM-auto-svg,qr,latin1_ambiguous,M,,,unsupported,no native SVG writer,0,0,,,,,,,
opencv,qr-latin1_ambiguous-eclM-svg,qr,latin1_ambiguous,M,iso-8859-1,,unsupported,no native SVG writer,0,0,,,,,,,
opencv,qr-mixed_modes-eclM,qr,mixed_modes,M,,,ok,,100,5,1.0,25.9092,23.9473,5.5624,16.0768,2401,5459
opencv,qr-mixed_modes-eclM-svg,qr,mixed_modes,M,,,unsupported,no native SVG writer,0,0,,,,,,,
opencv,qr-near_capacity-eclH,qr,near_capacity,H,,,ok,,100,5,1.0,341.0571,342.9754,9.6258,325.9146,27225,54707
opencv,qr-near_capacity-eclH-svg,qr,near_capacity,H,,,unsupported,no native SVG writer,0,0,,,,,,,
opencv,qr-near_capacity-eclL,qr,near_capacity,L,,,ok,,100,5,1.0,341.3368,342.5196,8.609,323.1091,27225,54398
opencv,qr-near_capacity-eclL-svg,qr,near_capacity,L,,,unsupported,no native SVG writer,0,0,,,,,,,
opencv,qr-near_capacity-eclM,qr,near_capacity,M,,,ok,,100,5,1.0,338.8641,341.0254,7.2665,326.3522,27225,54544
opencv,qr-near_capacity-eclM-svg,qr,near_capacity,M,,,unsupported,no native SVG writer,0,0,,,,,,,
opencv,qr-near_capacity-eclQ,qr,near_capacity,Q,,,ok,,100,5,1.0,340.0662,341.4089,8.5269,327.2912,27225,54543
opencv,qr-near_capacity-eclQ-svg,qr,near_capacity,Q,,,unsupported,no native SVG writer,0,0,,,,,,,
opencv,qr-numeric_long-eclM,qr,numeric_long,M,,,ok,,100,5,1.0,12.544,18.0684,9.7071,7.2896,1089,2716
opencv,qr-numeric_long-eclM-svg,qr,numeric_long,M,,,unsupported,no native SVG writer,0,0,,,,,,,
opencv,qr-numeric_short-eclM,qr,numeric_short,M,,,ok,,100,5,1.0,6.2737,7.8436,2.6927,3.3889,441,1284
opencv,qr-numeric_short-eclM-svg,qr,numeric_short,M,,,unsupported,no native SVG writer,0,0,,,,,,,
opencv,qr-text_para-eclM,qr,text_para,M,,,ok,,100,5,1.0,71.2607,66.3647,20.7607,34.0872,5929,12746
opencv,qr-text_para-eclM-svg,qr,text_para,M,,,unsupported,no native SVG writer,0,0,,,,,,,
opencv,qr-url-eclM,qr,url,M,,,ok,,100,5,1.0,13.7467,13.8303,0.6441,12.6271,1369,3317
opencv,qr-url-eclM-svg,qr,url,M,,,unsupported,no native SVG writer,0,0,,,,,,,
opencv,qr-url_nc-eclM,qr,url_near_capacity,M,,,ok,,100,5,1.0,339.2463,341.8312,10.0275,324.0623,27225,54754
opencv,qr-url_nc-eclM-svg,qr,url_near_capacity,M,,,unsupported,no native SVG writer,0,0,,,,,,,
opencv,qr-utf8-eclM,qr,utf8,M,utf-8,,ok,,100,5,1.0,10.1333,9.318,1.4055,7.2226,1089,2740
opencv,qr-utf8-eclM-auto,qr,utf8,M,,,ok,,100,5,1.0,10.0829,9.3338,1.4604,7.0712,1089,2740
opencv,qr-utf8-eclM-auto-svg,qr,utf8,M,,,unsupported,no native SVG writer,0,0,,,,,,,
opencv,qr-utf8-eclM-svg,qr,utf8,M,utf-8,,unsupported,no native SVG writer,0,0,,,,,,,
opencv,qr-xml_nc-eclM,qr,xml_near_capacity,M,,,ok,,100,5,1.0,340.8551,343.9651,12.3062,325.0161,27225,54870
opencv,qr-xml_nc-eclM-svg,qr,xml_near_capacity,M,,,unsupported,no native SVG writer,0,0,,,,,,,
pystrich,qr-alnum-eclH,qr,alnum,H,,,ok,,100,5,1.0,2.2184,2.311,0.2766,2.0365,1089,820
pystrich,qr-alnum-eclH-svg,qr,alnum,H,,,ok,,100,5,1.0,1.8339,1.8077,0.2376,1.3196,1089,12162
pystrich,qr-alnum-eclL,qr,alnum,L,,,ok,,100,5,1.0,1.5497,1.5882,0.1465,1.4017,625,553
pystrich,qr-alnum-eclL-svg,qr,alnum,L,,,ok,,100,5,1.0,1.2784,1.2968,0.0824,1.1528,625,7161
pystrich,qr-alnum-eclM,qr,alnum,M,,,ok,,100,5,1.0,1.801,1.741,0.2245,1.4165,625,566
pystrich,qr-alnum-eclM-svg,qr,alnum,M,,,ok,,100,5,1.0,1.2618,1.362,0.1874,1.124,625,7288
pystrich,qr-alnum-eclQ,qr,alnum,Q,,,ok,,100,5,1.0,2.1869,2.1817,0.4133,1.6774,841,679
pystrich,qr-alnum-eclQ-svg,qr,alnum,Q,,,ok,,100,5,1.0,1.5945,1.6624,0.2123,1.3487,841,10194
pystrich,qr-base64_nc-eclM,qr,base64_near_capacity,M,,,ok,,100,5,1.0,59.9756,58.6978,4.0132,52.5703,27225,12011
pystrich,qr-base64_nc-eclM-svg,qr,base64_near_capacity,M,,,ok,,100,5,1.0,53.3341,54.365,4.2855,48.9072,27225,296715
pystrich,qr-bcbp-eclM,qr,bcbp,M,,,ok,,100,5,1.0,2.8027,2.6786,0.7163,1.8054,1369,947
pystrich,qr-bcbp-eclM-svg,qr,bcbp,M,,,ok,,100,5,1.0,2.522,2.4337,0.6941,1.6242,1369,15327
pystrich,qr-json_nc-eclM,qr,json_near_capacity,M,,,ok,,100,5,1.0,54.0996,55.5532,4.0655,50.5091,27225,12056
pystrich,qr-json_nc-eclM-svg,qr,json_near_capacity,M,,,ok,,100,5,1.0,50.1138,51.9988,3.4257,47.7547,27225,300620
pystrich,qr-kanji-eclM,qr,kanji,M,shift_jis,,ok,,100,5,1.0,2.0784,1.9162,0.3174,1.3257,1089,804
pystrich,qr-kanji-eclM-auto,qr,kanji,M,,,ok,,100,5,1.0,2.8496,2.6159,0.5081,1.5425,1681,1105
pystrich,qr-kanji-eclM-auto-svg,qr,kanji,M,,,ok,,100,5,1.0,2.6706,2.4558,0.6036,1.388,1681,18926
pystrich,qr-kanji-eclM-svg,qr,kanji,M,shift_jis,,ok,,100,5,1.0,1.8042,1.6569,0.2983,1.0666,1089,11955
pystrich,qr-latin1-eclM,qr,latin1,M,iso-8859-1,,ok,,100,5,1.0,2.6818,3.037,0.687,2.0952,1369,975
pystrich,qr-latin1-eclM-auto,qr,latin1,M,,,ok,,100,5,1.0,2.5985,2.778,0.5419,2.0514,1369,975
pystrich,qr-latin1-eclM-auto-svg,qr,latin1,M,,,ok,,100,5,1.0,2.4027,2.626,0.6195,1.731,1369,15376
pystrich,qr-latin1-eclM-svg,qr,latin1,M,iso-8859-1,,ok,,100,5,1.0,2.3788,2.5612,0.5921,1.7515,1369,15376
pystrich,qr-latin1_ambiguous-eclM,qr,latin1_ambiguous,M,iso-8859-1,,ok,,100,5,1.0,3.2332,3.0384,0.6566,2.0805,1681,1110
pystrich,qr-latin1_ambiguous-eclM-auto,qr,latin1_ambiguous,M,,,ok,,100,5,1.0,3.0645,2.9661,0.8108,1.9931,1681,1110
pystrich,qr-latin1_ambiguous-eclM-auto-svg,qr,latin1_ambiguous,M,,,ok,,100,5,1.0,2.8865,2.752,0.6948,1.7868,1681,19395
pystrich,qr-latin1_ambiguous-eclM-svg,qr,latin1_ambiguous,M,iso-8859-1,,ok,,100,5,1.0,2.844,2.6888,0.6735,1.7588,1681,19395
pystrich,qr-mixed_modes-eclM,qr,mixed_modes,M,,,ok,,100,5,1.0,3.9919,4.0408,0.7471,2.8626,2025,1234
pystrich,qr-mixed_modes-eclM-svg,qr,mixed_modes,M,,,ok,,100,5,1.0,3.4466,3.208,0.6449,2.3264,2025,21890
pystrich,qr-near_capacity-eclH,qr,near_capacity,H,,,ok,,100,5,1.0,40.7873,44.7341,8.0609,39.4329,27225,12072
pystrich,qr-near_capacity-eclH-svg,qr,near_capacity,H,,,ok,,100,5,1.0,37.8203,39.1576,3.5958,35.3707,27225,299425
pystrich,qr-near_capacity-eclL,qr,near_capacity,L,,,ok,,100,5,1.0,60.6843,62.9547,8.4073,54.1136,27225,11787
pystrich,qr-near_capacity-eclL-svg,qr,near_capacity,L,,,ok,,100,5,1.0,53.7745,55.1328,4.1217,49.8208,27225,295304
pystrich,qr-near_capacity-eclM,qr,near_capacity,M,,,ok,,100,5,1.0,51.9176,55.3206,7.5547,48.685,27225,11860
pystrich,qr-near_capacity-eclM-svg,qr,near_capacity,M,,,ok,,100,5,1.0,48.2308,49.621,3.8834,43.9949,27225,296273
pystrich,qr-near_capacity-eclQ,qr,near_capacity,Q,,,ok,,100,5,1.0,45.0571,48.1933,5.2764,42.7731,27225,11946
pystrich,qr-near_capacity-eclQ-svg,qr,near_capacity,Q,,,ok,,100,5,1.0,40.9119,42.3205,3.3051,38.3164,27225,296363
pystrich,qr-numeric_long-eclM,qr,numeric_long,M,,,ok,,100,5,1.0,2.9059,3.0579,0.53,2.598,1089,807
pystrich,qr-numeric_long-eclM-svg,qr,numeric_long,M,,,ok,,100,5,1.0,2.3669,2.3471,0.2427,1.8758,1089,12249
pystrich,qr-numeric_short-eclM,qr,numeric_short,M,,,ok,,100,5,1.0,1.1373,1.1603,0.093,1.021,441,405
pystrich,qr-numeric_short-eclM-svg,qr,numeric_short,M,,,ok,,100,5,1.0,0.848,0.8524,0.0556,0.754,441,5191
pystrich,qr-text_para-eclM,qr,text_para,M,,,ok,,100,5,1.0,13.8566,13.1102,3.4126,7.9482,5929,3226
pystrich,qr-text_para-eclM-svg,qr,text_para,M,,,ok,,100,5,1.0,10.3212,9.8302,2.7484,5.5926,5929,64961
pystrich,qr-url-eclM,qr,url,M,,,ok,,100,5,1.0,2.6445,2.6687,0.1216,2.4877,1369,945
pystrich,qr-url-eclM-svg,qr,url,M,,,ok,,100,5,1.0,2.3102,2.3558,0.1776,2.0999,1369,15377
pystrich,qr-url_nc-eclM,qr,url_near_capacity,M,,,ok,,100,5,1.0,57.1001,58.6174,4.4224,53.1531,27225,11969
pystrich,qr-url_nc-eclM-svg,qr,url_near_capacity,M,,,ok,,100,5,1.0,54.0246,55.3947,4.2642,50.0359,27225,300293
pystrich,qr-utf8-eclM,qr,utf8,M,utf-8,,ok,,100,5,1.0,2.036,1.9912,0.1749,1.6128,1089,817
pystrich,qr-utf8-eclM-auto,qr,utf8,M,,,ok,,100,5,1.0,2.0124,1.9656,0.1674,1.5514,1089,817
pystrich,qr-utf8-eclM-auto-svg,qr,utf8,M,,,ok,,100,5,1.0,1.8181,1.7824,0.1896,1.3746,1089,12163
pystrich,qr-utf8-eclM-svg,qr,utf8,M,utf-8,,ok,,100,5,1.0,1.7871,1.7617,0.1925,1.3499,1089,12163
pystrich,qr-xml_nc-eclM,qr,xml_near_capacity,M,,,ok,,100,5,1.0,52.8013,54.4496,3.4941,50.1335,27225,11994
pystrich,qr-xml_nc-eclM-svg,qr,xml_near_capacity,M,,,ok,,100,5,1.0,50.2257,51.9273,3.9578,47.0082,27225,299902
pystrich-git,qr-alnum-eclH,qr,alnum,H,,,ok,,100,5,1.0,2.2069,2.2637,0.1618,2.0389,1089,820
pystrich-git,qr-alnum-eclH-svg,qr,alnum,H,,,ok,,100,5,1.0,1.8282,1.7708,0.1791,1.3387,1089,12162
pystrich-git,qr-alnum-eclL,qr,alnum,L,,,ok,,100,5,1.0,1.5039,1.5698,0.1728,1.3834,625,553
pystrich-git,qr-alnum-eclL-svg,qr,alnum,L,,,ok,,100,5,1.0,1.2792,1.2855,0.0661,1.1427,625,7161
pystrich-git,qr-alnum-eclM,qr,alnum,M,,,ok,,100,5,1.0,1.7738,1.7884,0.3568,1.381,625,566
pystrich-git,qr-alnum-eclM-svg,qr,alnum,M,,,ok,,100,5,1.0,1.274,1.3663,0.1797,1.0951,625,7288
pystrich-git,qr-alnum-eclQ,qr,alnum,Q,,,ok,,100,5,1.0,2.1581,2.267,0.6936,1.6608,841,679
pystrich-git,qr-alnum-eclQ-svg,qr,alnum,Q,,,ok,,100,5,1.0,1.5824,1.6603,0.1832,1.3671,841,10194
pystrich-git,qr-base64_nc-eclM,qr,base64_near_capacity,M,,,ok,,100,5,1.0,59.7129,59.1436,4.5319,52.2452,27225,12011
pystrich-git,qr-base64_nc-eclM-svg,qr,base64_near_capacity,M,,,ok,,100,5,1.0,52.8138,54.2387,4.64,47.2434,27225,296715
pystrich-git,qr-bcbp-eclM,qr,bcbp,M,,,ok,,100,5,1.0,2.7547,2.663,0.7415,1.7908,1369,947
pystrich-git,qr-bcbp-eclM-svg,qr,bcbp,M,,,ok,,100,5,1.0,2.5444,2.3892,0.5833,1.5174,1369,15327
pystrich-git,qr-json_nc-eclM,qr,json_near_capacity,M,,,ok,,100,5,1.0,54.1695,55.5909,3.7531,50.6198,27225,12056
pystrich-git,qr-json_nc-eclM-svg,qr,json_near_capacity,M,,,ok,,100,5,1.0,51.4698,52.7079,4.2279,46.3609,27225,300620
pystrich-git,qr-kanji-eclM,qr,kanji,M,shift_jis,,ok,,100,5,1.0,2.0241,1.8876,0.312,1.2354,1089,804
pystrich-git,qr-kanji-eclM-auto,qr,kanji,M,,,ok,,100,5,1.0,2.8948,2.7251,0.7411,1.5633,1681,1105
pystrich-git,qr-kanji-eclM-auto-svg,qr,kanji,M,,,ok,,100,5,1.0,2.653,2.406,0.5133,1.2975,1681,18926
pystrich-git,qr-kanji-eclM-svg,qr,kanji,M,shift_jis,,ok,,100,5,1.0,1.8217,1.7826,0.6095,1.0993,1089,11955
pystrich-git,qr-latin1-eclM,qr,latin1,M,iso-8859-1,,ok,,100,5,1.0,2.6002,2.9279,0.6626,2.0079,1369,975
pystrich-git,qr-latin1-eclM-auto,qr,latin1,M,,,ok,,100,5,1.0,2.6267,2.827,0.7194,2.0215,1369,975
pystrich-git,qr-latin1-eclM-auto-svg,qr,latin1,M,,,ok,,100,5,1.0,2.3961,2.5506,0.4724,1.7244,1369,15376
pystrich-git,qr-latin1-eclM-svg,qr,latin1,M,iso-8859-1,,ok,,100,5,1.0,2.3344,2.4731,0.4714,1.7412,1369,15376
pystrich-git,qr-latin1_ambiguous-eclM,qr,latin1_ambiguous,M,iso-8859-1,,ok,,100,5,1.0,3.1779,3.031,0.7938,2.0007,1681,1110
pystrich-git,qr-latin1_ambiguous-eclM-auto,qr,latin1_ambiguous,M,,,ok,,100,5,1.0,3.087,3.0423,0.9602,2.016,1681,1110
pystrich-git,qr-latin1_ambiguous-eclM-auto-svg,qr,latin1_ambiguous,M,,,ok,,100,5,1.0,2.9006,2.7156,0.6347,1.7232,1681,19395
pystrich-git,qr-latin1_ambiguous-eclM-svg,qr,latin1_ambiguous,M,iso-8859-1,,ok,,100,5,1.0,2.7936,2.6372,0.62,1.7999,1681,19395
pystrich-git,qr-mixed_modes-eclM,qr,mixed_modes,M,,,ok,,100,5,1.0,3.9357,3.9511,0.6739,2.8325,2025,1234
pystrich-git,qr-mixed_modes-eclM-svg,qr,mixed_modes,M,,,ok,,100,5,1.0,3.4531,3.2611,0.8262,2.3564,2025,21890
pystrich-git,qr-near_capacity-eclH,qr,near_capacity,H,,,ok,,100,5,1.0,40.9001,44.8027,7.64,39.432,27225,12072
pystrich-git,qr-near_capacity-eclH-svg,qr,near_capacity,H,,,ok,,100,5,1.0,37.7088,39.265,3.4471,35.1707,27225,299425
pystrich-git,qr-near_capacity-eclL,qr,near_capacity,L,,,ok,,100,5,1.0,60.7853,63.244,8.5689,54.0443,27225,11787
pystrich-git,qr-near_capacity-eclL-svg,qr,near_capacity,L,,,ok,,100,5,1.0,53.8232,55.0771,3.8672,49.4009,27225,295304
pystrich-git,qr-near_capacity-eclM,qr,near_capacity,M,,,ok,,100,5,1.0,51.255,55.8573,8.2755,48.5595,27225,11860
pystrich-git,qr-near_capacity-eclM-svg,qr,near_capacity,M,,,ok,,100,5,1.0,47.4455,49.5064,4.8691,43.9375,27225,296273
pystrich-git,qr-near_capacity-eclQ,qr,near_capacity,Q,,,ok,,100,5,1.0,44.7416,48.4711,5.6938,42.7648,27225,11946
pystrich-git,qr-near_capacity-eclQ-svg,qr,near_capacity,Q,,,ok,,100,5,1.0,40.5663,41.8935,3.2152,38.1703,27225,296363
pystrich-git,qr-numeric_long-eclM,qr,numeric_long,M,,,ok,,100,5,1.0,2.9022,3.0569,0.4431,2.5626,1089,807
pystrich-git,qr-numeric_long-eclM-svg,qr,numeric_long,M,,,ok,,100,5,1.0,2.3734,2.3369,0.2054,1.8271,1089,12249
pystrich-git,qr-numeric_short-eclM,qr,numeric_short,M,,,ok,,100,5,1.0,1.1431,1.2082,0.2407,1.0199,441,405
pystrich-git,qr-numeric_short-eclM-svg,qr,numeric_short,M,,,ok,,100,5,1.0,0.8708,0.881,0.1018,0.7592,441,5191
pystrich-git,qr-text_para-eclM,qr,text_para,M,,,ok,,100,5,1.0,13.9053,13.1234,3.6041,7.9243,5929,3226
pystrich-git,qr-text_para-eclM-svg,qr,text_para,M,,,ok,,100,5,1.0,10.2724,9.7383,2.7118,5.5931,5929,64961
pystrich-git,qr-url-eclM,qr,url,M,,,ok,,100,5,1.0,2.5985,2.6631,0.3741,2.4653,1369,945
pystrich-git,qr-url-eclM-svg,qr,url,M,,,ok,,100,5,1.0,2.3296,2.3859,0.3984,2.094,1369,15377
pystrich-git,qr-url_nc-eclM,qr,url_near_capacity,M,,,ok,,100,5,1.0,58.696,58.8948,4.382,53.2092,27225,11969
pystrich-git,qr-url_nc-eclM-svg,qr,url_near_capacity,M,,,ok,,100,5,1.0,54.5637,55.6214,4.5481,49.3789,27225,300293
pystrich-git,qr-utf8-eclM,qr,utf8,M,utf-8,,ok,,100,5,1.0,2.0347,2.0607,0.4453,1.5625,1089,817
pystrich-git,qr-utf8-eclM-auto,qr,utf8,M,,,ok,,100,5,1.0,2.009,1.9628,0.1716,1.5562,1089,817
pystrich-git,qr-utf8-eclM-auto-svg,qr,utf8,M,,,ok,,100,5,1.0,1.8307,1.7838,0.1746,1.3,1089,12163
pystrich-git,qr-utf8-eclM-svg,qr,utf8,M,utf-8,,ok,,100,5,1.0,1.7852,1.7695,0.2782,1.3078,1089,12163
pystrich-git,qr-xml_nc-eclM,qr,xml_near_capacity,M,,,ok,,100,5,1.0,52.8142,55.0042,4.2938,50.0948,27225,11994
pystrich-git,qr-xml_nc-eclM-svg,qr,xml_near_capacity,M,,,ok,,100,5,1.0,51.3587,52.5083,4.7005,45.4902,27225,299902
qrcode,qr-alnum-eclH,qr,alnum,H,,,ok,,100,5,1.0,5.6186,5.5672,0.9405,4.251,1089,404
qrcode,qr-alnum-eclH-svg,qr,alnum,H,,,ok,,100,5,1.0,7.9712,7.6553,0.8016,5.6336,1089,11564
qrcode,qr-alnum-eclL,qr,alnum,L,,,ok,,100,5,1.0,3.3589,3.3668,0.0849,3.2126,625,291
qrcode,qr-alnum-eclL-svg,qr,alnum,L,,,ok,,100,5,1.0,4.7656,4.8742,0.6508,4.3066,625,6761
qrcode,qr-alnum-eclM,qr,alnum,M,,,ok,,100,5,1.0,3.374,3.8995,0.8477,3.136,625,300
qrcode,qr-alnum-eclM-svg,qr,alnum,M,,,ok,,100,5,1.0,4.8236,5.3734,0.8948,4.174,625,7105
qrcode,qr-alnum-eclQ,qr,alnum,Q,,,ok,,100,5,1.0,4.5879,5.0827,0.7276,4.2724,841,351
qrcode,qr-alnum-eclQ-svg,qr,alnum,Q,,,ok,,100,5,1.0,6.5227,7.1692,1.0617,5.8739,841,9511
qrcode,qr-base64_nc-eclM,qr,base64_near_capacity,M,,,ok,,100,5,1.0,174.1874,175.1458,5.3703,164.9223,27225,5338
qrcode,qr-base64_nc-eclM-svg,qr,base64_near_capacity,M,,,ok,,100,5,1.0,228.5444,229.077,7.5874,213.1435,27225,324056
qrcode,qr-bcbp-eclM,qr,bcbp,M,,,ok,,100,5,1.0,7.8199,7.2084,2.0521,4.4927,1369,449
qrcode,qr-bcbp-eclM-svg,qr,bcbp,M,,,ok,,100,5,1.0,10.3387,9.5004,2.6612,6.2122,1369,14821
qrcode,qr-json_nc-eclM,qr,json_near_capacity,M,,,ok,,100,5,1.0,173.3833,174.0854,5.2107,165.3375,27225,5348
qrcode,qr-json_nc-eclM-svg,qr,json_near_capacity,M,,,ok,,100,5,1.0,223.5827,224.8629,5.7835,213.2867,27225,316864
qrcode,qr-kanji-eclM,qr,kanji,M,shift_jis,,unsupported,no charset/ECI support for 'shift_jis' payloads,0,0,,,,,,,
qrcode,qr-kanji-eclM-auto,qr,kanji,M,,,ok,,100,5,1.0,8.1368,8.2323,2.036,4.5997,1369,445
qrcode,qr-kanji-eclM-auto-svg,qr,kanji,M,,,ok,,100,5,1.0,10.6456,10.6938,2.3545,6.0861,1369,15266
qrcode,qr-kanji-eclM-svg,qr,kanji,M,shift_jis,,unsupported,no charset/ECI support for 'shift_jis' payloads,0,0,,,,,,,
qrcode,qr-latin1-eclM,qr,latin1,M,iso-8859-1,,unsupported,no charset/ECI support for 'iso-8859-1' payloads,0,0,,,,,,,
qrcode,qr-latin1-eclM-auto,qr,latin1,M,,,ok,,100,5,1.0,8.1907,9.8954,2.4708,7.3469,1369,465
qrcode,qr-latin1-eclM-auto-svg,qr,latin1,M,,,ok,,100,5,1.0,11.1496,13.221,3.2389,9.7412,1369,15148
qrcode,qr-latin1-eclM-svg,qr,latin1,M,iso-8859-1,,unsupported,no charset/ECI support for 'iso-8859-1' payloads,0,0,,,,,,,
qrcode,qr-latin1_ambiguous-eclM,qr,latin1_ambiguous,M,iso-8859-1,,unsupported,no charset/ECI support for 'iso-8859-1' payloads,0,0,,,,,,,
qrcode,qr-latin1_ambiguous-eclM-auto,qr,latin1_ambiguous,M,,,ok,,100,5,1.0,11.3791,10.7763,3.4226,5.6904,2025,582
qrcode,qr-latin1_ambiguous-eclM-auto-svg,qr,latin1_ambiguous,M,,,ok,,100,5,1.0,15.2621,14.345,4.3478,7.8928,2025,22165
qrcode,qr-latin1_ambiguous-eclM-svg,qr,latin1_ambiguous,M,iso-8859-1,,unsupported,no charset/ECI support for 'iso-8859-1' payloads,0,0,,,,,,,
qrcode,qr-mixed_modes-eclM,qr,mixed_modes,M,,,ok,,100,5,1.0,13.3171,12.0009,4.1362,7.459,2401,650
qrcode,qr-mixed_modes-eclM-svg,qr,mixed_modes,M,,,ok,,100,5,1.0,18.472,15.7258,3.9349,10.3067,2401,27082
qrcode,qr-near_capacity-eclH,qr,near_capacity,H,,,ok,,100,5,1.0,158.4059,158.9191,4.6249,150.4109,27225,5354
qrcode,qr-near_capacity-eclH-svg,qr,near_capacity,H,,,ok,,100,5,1.0,211.0094,212.0111,6.0926,199.8811,27225,319006
qrcode,qr-near_capacity-eclL,qr,near_capacity,L,,,ok,,100,5,1.0,188.5201,190.2172,6.3825,183.4642,27225,5358
qrcode,qr-near_capacity-eclL-svg,qr,near_capacity,L,,,ok,,100,5,1.0,247.8823,248.3477,6.463,231.9455,27225,318296
qrcode,qr-near_capacity-eclM,qr,near_capacity,M,,,ok,,100,5,1.0,167.3951,169.7397,7.1855,162.6688,27225,5337
qrcode,qr-near_capacity-eclM-svg,qr,near_capacity,M,,,ok,,100,5,1.0,225.0484,228.9448,13.9771,212.3224,27225,318155
qrcode,qr-near_capacity-eclQ,qr,near_capacity,Q,,,ok,,100,5,1.0,162.7397,163.5395,4.8339,154.3526,27225,5342
qrcode,qr-near_capacity-eclQ-svg,qr,near_capacity,Q,,,ok,,100,5,1.0,217.8533,220.7186,14.2548,205.6625,27225,321517
qrcode,qr-numeric_long-eclM,qr,numeric_long,M,,,ok,,100,5,1.0,5.8582,5.6975,0.5516,4.4856,1089,402
qrcode,qr-numeric_long-eclM-svg,qr,numeric_long,M,,,ok,,100,5,1.0,8.2336,8.0578,1.1231,5.8677,1089,11501
qrcode,qr-numeric_short-eclM,qr,numeric_short,M,,,ok,,100,5,1.0,2.2809,2.3806,0.5492,2.1605,441,241
qrcode,qr-numeric_short-eclM-svg,qr,numeric_short,M,,,ok,,100,5,1.0,3.218,3.2705,0.5102,2.8742,441,4485
qrcode,qr-text_para-eclM,qr,text_para,M,,,ok,,100,5,1.0,34.6053,33.3945,9.8905,18.792,5929,1335
qrcode,qr-text_para-eclM-svg,qr,text_para,M,,,ok,,100,5,1.0,47.5805,46.051,14.026,24.5123,5929,67672
qrcode,qr-url-eclM,qr,url,M,,,ok,,100,5,1.0,7.6949,7.966,1.1734,7.3451,1369,459
qrcode,qr-url-eclM-svg,qr,url,M,,,ok,,100,5,1.0,10.6623,10.8949,1.2707,10.2881,1369,15093
qrcode,qr-url_nc-eclM,qr,url_near_capacity,M,,,ok,,100,5,1.0,172.5636,173.7107,5.0877,163.9131,27225,5368
qrcode,qr-url_nc-eclM-svg,qr,url_near_capacity,M,,,ok,,100,5,1.0,223.8803,224.8508,6.293,212.89,27225,316380
qrcode,qr-utf8-eclM,qr,utf8,M,utf-8,,unsupported,no charset/ECI support for 'utf-8' payloads,0,0,,,,,,,
qrcode,qr-utf8-eclM-auto,qr,utf8,M,,,ok,,100,5,1.0,5.9892,5.5884,0.6999,4.4027,1089,380
qrcode,qr-utf8-eclM-auto-svg,qr,utf8,M,,,ok,,100,5,1.0,8.134,7.6547,1.3342,5.8653,1089,11612
qrcode,qr-utf8-eclM-svg,qr,utf8,M,utf-8,,unsupported,no charset/ECI support for 'utf-8' payloads,0,0,,,,,,,
qrcode,qr-xml_nc-eclM,qr,xml_near_capacity,M,,,ok,,100,5,1.0,173.485,174.8497,7.3699,165.4604,27225,5370
qrcode,qr-xml_nc-eclM-svg,qr,xml_near_capacity,M,,,ok,,100,5,1.0,224.7319,225.1104,4.964,213.6683,27225,321622
qrcodegen,qr-alnum-eclH,qr,alnum,H,,,unsupported,no documented raster output (vector-only library),0,0,,,,,,,
qrcodegen,qr-alnum-eclH-svg,qr,alnum,H,,,ok,,100,5,1.0,9.0782,9.0623,1.5633,7.4858,1089,8519
qrcodegen,qr-alnum-eclL,qr,alnum,L,,,unsupported,no documented raster output (vector-only library),0,0,,,,,,,
qrcodegen,qr-alnum-eclL-svg,qr,alnum,L,,,ok,,100,5,1.0,5.4724,5.5752,0.3594,5.2403,625,5046
qrcodegen,qr-alnum-eclM,qr,alnum,M,,,unsupported,no documented raster output (vector-only library),0,0,,,,,,,
qrcodegen,qr-alnum-eclM-svg,qr,alnum,M,,,ok,,100,5,1.0,6.2027,6.9483,1.2676,5.6377,625,5301
qrcodegen,qr-alnum-eclQ,qr,alnum,Q,,,unsupported,no documented raster output (vector-only library),0,0,,,,,,,
qrcodegen,qr-alnum-eclQ-svg,qr,alnum,Q,,,ok,,100,5,1.0,7.89,8.4333,1.2639,7.3713,841,6848
qrcodegen,qr-base64_nc-eclM,qr,base64_near_capacity,M,,,unsupported,no documented raster output (vector-only library),0,0,,,,,,,
qrcodegen,qr-base64_nc-eclM-svg,qr,base64_near_capacity,M,,,ok,,100,5,1.0,278.6006,279.3597,7.6825,260.8861,27225,215898
qrcodegen,qr-bcbp-eclM,qr,bcbp,M,,,unsupported,no documented raster output (vector-only library),0,0,,,,,,,
qrcodegen,qr-bcbp-eclM-svg,qr,bcbp,M,,,ok,,100,5,1.0,13.861,12.4705,2.7773,8.8621,1369,10811
qrcodegen,qr-json_nc-eclM,qr,json_near_capacity,M,,,unsupported,no documented raster output (vector-only library),0,0,,,,,,,
qrcodegen,qr-json_nc-eclM-svg,qr,json_near_capacity,M,,,ok,,100,5,1.0,277.744,279.4391,10.1113,260.8473,27225,213814
qrcodegen,qr-kanji-eclM,qr,kanji,M,shift_jis,,unsupported,no documented raster output (vector-only library),0,0,,,,,,,
qrcodegen,qr-kanji-eclM-auto,qr,kanji,M,,,unsupported,no documented raster output (vector-only library),0,0,,,,,,,
qrcodegen,qr-kanji-eclM-auto-svg,qr,kanji,M,,,ok,,100,5,1.0,14.6833,13.8416,2.99,7.4492,1369,10693
qrcodegen,qr-kanji-eclM-svg,qr,kanji,M,shift_jis,,unsupported,no charset/ECI support for 'shift_jis' payloads,0,0,,,,,,,
qrcodegen,qr-latin1-eclM,qr,latin1,M,iso-8859-1,,unsupported,no documented raster output (vector-only library),0,0,,,,,,,
qrcodegen,qr-latin1-eclM-auto,qr,latin1,M,,,unsupported,no documented raster output (vector-only library),0,0,,,,,,,
qrcodegen,qr-latin1-eclM-auto-svg,qr,latin1,M,,,ok,,100,5,1.0,14.7278,17.2234,4.0887,13.5803,1369,10854
qrcodegen,qr-latin1-eclM-svg,qr,latin1,M,iso-8859-1,,unsupported,no charset/ECI support for 'iso-8859-1' payloads,0,0,,,,,,,
qrcodegen,qr-latin1_ambiguous-eclM,qr,latin1_ambiguous,M,iso-8859-1,,unsupported,no documented raster output (vector-only library),0,0,,,,,,,
qrcodegen,qr-latin1_ambiguous-eclM-auto,qr,latin1_ambiguous,M,,,unsupported,no documented raster output (vector-only library),0,0,,,,,,,
qrcodegen,qr-latin1_ambiguous-eclM-auto-svg,qr,latin1_ambiguous,M,,,ok,,100,5,1.0,18.7446,18.1287,5.0195,9.7757,2025,15161
qrcodegen,qr-latin1_ambiguous-eclM-svg,qr,latin1_ambiguous,M,iso-8859-1,,unsupported,no charset/ECI support for 'iso-8859-1' payloads,0,0,,,,,,,
qrcodegen,qr-mixed_modes-eclM,qr,mixed_modes,M,,,unsupported,no documented raster output (vector-only library),0,0,,,,,,,
qrcodegen,qr-mixed_modes-eclM-svg,qr,mixed_modes,M,,,ok,,100,5,1.0,22.1268,20.2647,4.6157,14.3333,2401,17844
qrcodegen,qr-near_capacity-eclH,qr,near_capacity,H,,,unsupported,no documented raster output (vector-only library),0,0,,,,,,,
qrcodegen,qr-near_capacity-eclH-svg,qr,near_capacity,H,,,ok,,100,5,1.0,240.2269,240.9862,5.2373,228.2326,27225,215481
qrcodegen,qr-near_capacity-eclL,qr,near_capacity,L,,,unsupported,no documented raster output (vector-only library),0,0,,,,,,,
qrcodegen,qr-near_capacity-eclL-svg,qr,near_capacity,L,,,ok,,100,5,1.0,301.0251,302.5226,8.4572,291.3928,27225,213997
qrcodegen,qr-near_capacity-eclM,qr,near_capacity,M,,,unsupported,no documented raster output (vector-only library),0,0,,,,,,,
qrcodegen,qr-near_capacity-eclM-svg,qr,near_capacity,M,,,ok,,100,5,1.0,275.7799,275.6156,7.3282,261.6059,27225,214795
qrcodegen,qr-near_capacity-eclQ,qr,near_capacity,Q,,,unsupported,no documented raster output (vector-only library),0,0,,,,,,,
qrcodegen,qr-near_capacity-eclQ-svg,qr,near_capacity,Q,,,ok,,100,5,1.0,257.9479,260.2135,9.0695,242.8852,27225,216985
qrcodegen,qr-numeric_long-eclM,qr,numeric_long,M,,,unsupported,no documented raster output (vector-only library),0,0,,,,,,,
qrcodegen,qr-numeric_long-eclM-svg,qr,numeric_long,M,,,ok,,100,5,1.0,10.0365,9.9462,0.6589,8.5487,1089,8130
qrcodegen,qr-numeric_short-eclM,qr,numeric_short,M,,,unsupported,no documented raster output (vector-only library),0,0,,,,,,,
qrcodegen,qr-numeric_short-eclM-svg,qr,numeric_short,M,,,ok,,100,5,1.0,4.1261,4.212,0.521,3.9696,441,3627
qrcodegen,qr-text_para-eclM,qr,text_para,M,,,unsupported,no documented raster output (vector-only library),0,0,,,,,,,
qrcodegen,qr-text_para-eclM-svg,qr,text_para,M,,,ok,,100,5,1.0,55.5802,53.9901,16.5209,30.6362,5929,44621
qrcodegen,qr-url-eclM,qr,url,M,,,unsupported,no documented raster output (vector-only library),0,0,,,,,,,
qrcodegen,qr-url-eclM-svg,qr,url,M,,,ok,,100,5,1.0,13.6701,13.8762,1.5133,13.1986,1369,10673
qrcodegen,qr-url_nc-eclM,qr,url_near_capacity,M,,,unsupported,no documented raster output (vector-only library),0,0,,,,,,,
qrcodegen,qr-url_nc-eclM-svg,qr,url_near_capacity,M,,,ok,,100,5,1.0,279.2996,280.3027,7.4533,259.9588,27225,215488
qrcodegen,qr-utf8-eclM,qr,utf8,M,utf-8,,unsupported,no documented raster output (vector-only library),0,0,,,,,,,
qrcodegen,qr-utf8-eclM-auto,qr,utf8,M,,,unsupported,no documented raster output (vector-only library),0,0,,,,,,,
qrcodegen,qr-utf8-eclM-auto-svg,qr,utf8,M,,,ok,,100,5,1.0,11.033,10.6376,2.423,7.3229,1089,8266
qrcodegen,qr-utf8-eclM-svg,qr,utf8,M,utf-8,,unsupported,no charset/ECI support for 'utf-8' payloads,0,0,,,,,,,
qrcodegen,qr-xml_nc-eclM,qr,xml_near_capacity,M,,,unsupported,no documented raster output (vector-only library),0,0,,,,,,,
qrcodegen,qr-xml_nc-eclM-svg,qr,xml_near_capacity,M,,,ok,,100,5,1.0,277.2594,277.9066,7.2252,262.0087,27225,217133
segno,qr-alnum-eclH,qr,alnum,H,,,ok,,100,5,1.0,5.3728,5.355,0.8202,4.0624,1089,362
segno,qr-alnum-eclH-svg,qr,alnum,H,,,ok,,100,5,1.0,4.9319,4.8398,0.5955,3.6325,1089,1970
segno,qr-alnum-eclL,qr,alnum,L,,,ok,,100,5,1.0,3.1944,3.2656,0.3576,3.0662,625,257
segno,qr-alnum-eclL-svg,qr,alnum,L,,,ok,,100,5,1.0,2.8656,2.8812,0.116,2.6285,625,1251
segno,qr-alnum-eclM,qr,alnum,M,,,ok,,100,5,1.0,3.3173,3.7097,0.6265,3.0401,625,260
segno,qr-alnum-eclM-svg,qr,alnum,M,,,ok,,100,5,1.0,3.0566,3.4658,1.0592,2.6902,625,1263
segno,qr-alnum-eclQ,qr,alnum,Q,,,ok,,100,5,1.0,4.4505,5.1366,1.6803,4.0838,841,315
segno,qr-alnum-eclQ-svg,qr,alnum,Q,,,ok,,100,5,1.0,4.0173,4.5083,1.1225,3.5211,841,1571
segno,qr-base64_nc-eclM,qr,base64_near_capacity,M,,,ok,,100,5,1.0,144.5758,145.588,5.0582,137.6582,27225,5502
segno,qr-base64_nc-eclM-svg,qr,base64_near_capacity,M,,,ok,,100,5,1.0,132.1844,134.5901,8.8324,124.7252,27225,41123
segno,qr-bcbp-eclM,qr,bcbp,M,,,ok,,100,5,1.0,7.0841,6.7294,1.9261,4.2543,1369,426
segno,qr-bcbp-eclM-svg,qr,bcbp,M,,,ok,,100,5,1.0,6.3699,5.9225,1.7654,3.6818,1369,2362
segno,qr-json_nc-eclM,qr,json_near_capacity,M,,,ok,,100,5,1.0,143.4137,144.257,4.2001,137.4186,27225,5490
segno,qr-json_nc-eclM-svg,qr,json_near_capacity,M,,,ok,,100,5,1.0,131.53,132.0761,3.8763,125.5265,27225,41509
segno,qr-kanji-eclM,qr,kanji,M,shift_jis,,ok,,100,5,1.0,5.4525,5.0741,1.3346,3.0967,1089,362
segno,qr-kanji-eclM-auto,qr,kanji,M,,,ok,,100,5,1.0,5.6718,5.169,1.2168,3.1351,1089,362
segno,qr-kanji-eclM-auto-svg,qr,kanji,M,,,ok,,100,5,1.0,5.0191,4.7453,1.3644,2.6107,1089,1940
segno,qr-kanji-eclM-svg,qr,kanji,M,shift_jis,,ok,,100,5,1.0,5.0212,4.5053,0.9619,2.642,1089,1940
segno,qr-latin1-eclM,qr,latin1,M,iso-8859-1,,ok,,100,5,1.0,7.2075,7.7468,1.6259,5.3883,1369,430
segno,qr-latin1-eclM-auto,qr,latin1,M,,,ok,,100,5,1.0,7.5552,8.1599,1.9296,5.3691,1369,430
segno,qr-latin1-eclM-auto-svg,qr,latin1,M,,,ok,,100,5,1.0,6.648,7.3501,1.8031,4.7271,1369,2457
segno,qr-latin1-eclM-svg,qr,latin1,M,iso-8859-1,,ok,,100,5,1.0,6.6867,7.1448,1.474,4.9922,1369,2457
segno,qr-latin1_ambiguous-eclM,qr,latin1_ambiguous,M,iso-8859-1,,ok,,0,0,0.0,,,,,,
segno,qr-latin1_ambiguous-eclM-auto,qr,latin1_ambiguous,M,,,ok,,0,0,0.0,,,,,,
segno,qr-latin1_ambiguous-eclM-auto-svg,qr,latin1_ambiguous,M,,,ok,,0,0,0.0,,,,,,
segno,qr-latin1_ambiguous-eclM-svg,qr,latin1_ambiguous,M,iso-8859-1,,ok,,0,0,0.0,,,,,,
segno,qr-mixed_modes-eclM,qr,mixed_modes,M,,,ok,,100,5,1.0,11.7917,11.0513,2.3051,8.2224,2401,646
segno,qr-mixed_modes-eclM-svg,qr,mixed_modes,M,,,ok,,100,5,1.0,11.0728,10.4015,2.1869,7.3673,2401,3925
segno,qr-near_capacity-eclH,qr,near_capacity,H,,,ok,,100,5,1.0,137.6595,139.1447,5.2605,132.8744,27225,5503
segno,qr-near_capacity-eclH-svg,qr,near_capacity,H,,,ok,,100,5,1.0,127.5715,127.7811,3.0089,119.7237,27225,41613
segno,qr-near_capacity-eclL,qr,near_capacity,L,,,ok,,100,5,1.0,145.0054,147.132,5.5823,141.7093,27225,5444
segno,qr-near_capacity-eclL-svg,qr,near_capacity,L,,,ok,,100,5,1.0,137.5753,138.1558,3.7305,130.7494,27225,41099
segno,qr-near_capacity-eclM,qr,near_capacity,M,,,ok,,100,5,1.0,142.7548,144.6431,6.3095,138.3824,27225,5461
segno,qr-near_capacity-eclM-svg,qr,near_capacity,M,,,ok,,100,5,1.0,132.9754,133.5341,3.0139,127.4944,27225,41298
segno,qr-near_capacity-eclQ,qr,near_capacity,Q,,,ok,,100,5,1.0,137.5361,139.3482,4.5192,135.221,27225,5495
segno,qr-near_capacity-eclQ-svg,qr,near_capacity,Q,,,ok,,100,5,1.0,129.8797,130.8183,4.9219,122.7594,27225,41367
segno,qr-numeric_long-eclM,qr,numeric_long,M,,,ok,,100,5,1.0,5.5378,5.461,0.6647,4.1951,1089,364
segno,qr-numeric_long-eclM-svg,qr,numeric_long,M,,,ok,,100,5,1.0,5.0295,4.88,0.512,3.6353,1089,1957
segno,qr-numeric_short-eclM,qr,numeric_short,M,,,ok,,100,5,1.0,2.2986,2.3135,0.07,2.1831,441,202
segno,qr-numeric_short-eclM-svg,qr,numeric_short,M,,,ok,,100,5,1.0,1.9994,2.0158,0.1106,1.8095,441,926
segno,qr-text_para-eclM,qr,text_para,M,,,ok,,100,5,1.0,29.9148,29.1106,8.7341,15.9927,5929,1357
segno,qr-text_para-eclM-svg,qr,text_para,M,,,ok,,100,5,1.0,28.2307,27.0822,8.3325,14.4367,5929,9262
segno,qr-url-eclM,qr,url,M,,,ok,,100,5,1.0,6.9531,6.9968,0.1936,6.7709,1369,429
segno,qr-url-eclM-svg,qr,url,M,,,ok,,100,5,1.0,6.4878,6.6685,0.9518,6.0134,1369,2397
segno,qr-url_nc-eclM,qr,url_near_capacity,M,,,ok,,100,5,1.0,146.1452,147.5772,5.459,140.942,27225,5491
segno,qr-url_nc-eclM-svg,qr,url_near_capacity,M,,,ok,,100,5,1.0,132.3436,134.4621,8.8384,124.8162,27225,41669
segno,qr-utf8-eclM,qr,utf8,M,utf-8,,ok,,100,5,1.0,5.4743,5.3593,0.5512,4.1949,1089,366
segno,qr-utf8-eclM-auto,qr,utf8,M,,,ok,,100,5,1.0,5.6687,5.3974,0.8389,4.2031,1089,364
segno,qr-utf8-eclM-auto-svg,qr,utf8,M,,,ok,,100,5,1.0,4.9996,4.8043,0.8446,3.6193,1089,1963
segno,qr-utf8-eclM-svg,qr,utf8,M,utf-8,,ok,,100,5,1.0,5.1218,5.0118,0.6275,3.6323,1089,1981
segno,qr-xml_nc-eclM,qr,xml_near_capacity,M,,,ok,,100,5,1.0,141.9336,142.7499,3.992,137.7402,27225,5497
segno,qr-xml_nc-eclM-svg,qr,xml_near_capacity,M,,,ok,,100,5,1.0,133.0542,133.8429,4.3795,124.5448,27225,41881
treepoem,qr-alnum-eclH,qr,alnum,H,,,ok,,100,5,1.0,2369.0289,2372.49,34.2006,2313.6936,1089,3290
treepoem,qr-alnum-eclH-svg,qr,alnum,H,,,unsupported,no native SVG writer,0,0,,,,,,,
treepoem,qr-alnum-eclL,qr,alnum,L,,,ok,,100,5,1.0,2340.601,2347.2436,27.3813,2294.5651,625,2968
treepoem,qr-alnum-eclL-svg,qr,alnum,L,,,unsupported,no native SVG writer,0,0,,,,,,,
treepoem,qr-alnum-eclM,qr,alnum,M,,,ok,,100,5,1.0,2356.0961,2359.4019,26.6525,2305.9026,625,2972
treepoem,qr-alnum-eclM-svg,qr,alnum,M,,,unsupported,no native SVG writer,0,0,,,,,,,
treepoem,qr-alnum-eclQ,qr,alnum,Q,,,ok,,100,5,1.0,2372.7004,2377.0988,38.0368,2307.7868,841,3116
treepoem,qr-alnum-eclQ-svg,qr,alnum,Q,,,unsupported,no native SVG writer,0,0,,,,,,,
treepoem,qr-base64_nc-eclM,qr,base64_near_capacity,M,,,ok,,100,5,1.0,4333.7299,4340.2366,42.1656,4271.8637,27225,16743
treepoem,qr-base64_nc-eclM-svg,qr,base64_near_capacity,M,,,unsupported,no native SVG writer,0,0,,,,,,,
treepoem,qr-bcbp-eclM,qr,bcbp,M,,,ok,,100,5,1.0,2401.0083,2396.5547,40.5824,2301.467,1369,3455
treepoem,qr-bcbp-eclM-svg,qr,bcbp,M,,,unsupported,no native SVG writer,0,0,,,,,,,
treepoem,qr-json_nc-eclM,qr,json_near_capacity,M,,,ok,,100,5,1.0,3453.8115,3454.6644,25.4691,3394.793,27225,16837
treepoem,qr-json_nc-eclM-svg,qr,json_near_capacity,M,,,unsupported,no native SVG writer,0,0,,,,,,,
treepoem,qr-kanji-eclM,qr,kanji,M,shift_jis,,ok,,100,5,1.0,2370.3258,2373.8581,35.4063,2305.3234,1089,3268
treepoem,qr-kanji-eclM-auto,qr,kanji,M,,,unsupported,cannot take non-ASCII text without a declared charset,0,0,,,,,,,
treepoem,qr-kanji-eclM-auto-svg,qr,kanji,M,,,unsupported,no native SVG writer,0,0,,,,,,,
treepoem,qr-kanji-eclM-svg,qr,kanji,M,shift_jis,,unsupported,no native SVG writer,0,0,,,,,,,
treepoem,qr-latin1-eclM,qr,latin1,M,iso-8859-1,,ok,,100,5,1.0,2412.4333,2414.3237,24.3164,2365.9271,1369,3460
treepoem,qr-latin1-eclM-auto,qr,latin1,M,,,unsupported,cannot take non-ASCII text without a declared charset,0,0,,,,,,,
treepoem,qr-latin1-eclM-auto-svg,qr,latin1,M,,,unsupported,no native SVG writer,0,0,,,,,,,
treepoem,qr-latin1-eclM-svg,qr,latin1,M,iso-8859-1,,unsupported,no native SVG writer,0,0,,,,,,,
treepoem,qr-latin1_ambiguous-eclM,qr,latin1_ambiguous,M,iso-8859-1,,ok,,100,5,1.0,2422.6378,2427.5141,46.9106,2360.7271,1681,3606
treepoem,qr-latin1_ambiguous-eclM-auto,qr,latin1_ambiguous,M,,,unsupported,cannot take non-ASCII text without a declared charset,0,0,,,,,,,
treepoem,qr-latin1_ambiguous-eclM-auto-svg,qr,latin1_ambiguous,M,,,unsupported,no native SVG writer,0,0,,,,,,,
treepoem,qr-latin1_ambiguous-eclM-svg,qr,latin1_ambiguous,M,iso-8859-1,,unsupported,no native SVG writer,0,0,,,,,,,
treepoem,qr-mixed_modes-eclM,qr,mixed_modes,M,,,ok,,100,5,1.0,2418.9033,2423.7449,35.8823,2373.4124,2025,3845
treepoem,qr-mixed_modes-eclM-svg,qr,mixed_modes,M,,,unsupported,no native SVG writer,0,0,,,,,,,
treepoem,qr-near_capacity-eclH,qr,near_capacity,H,,,ok,,100,5,1.0,3575.9393,3582.0679,34.5774,3488.2748,27225,16847
treepoem,qr-near_capacity-eclH-svg,qr,near_capacity,H,,,unsupported,no native SVG writer,0,0,,,,,,,
treepoem,qr-near_capacity-eclL,qr,near_capacity,L,,,ok,,100,5,1.0,4949.5241,4959.5074,49.3083,4852.8314,27225,16526
treepoem,qr-near_capacity-eclL-svg,qr,near_capacity,L,,,unsupported,no native SVG writer,0,0,,,,,,,
treepoem,qr-near_capacity-eclM,qr,near_capacity,M,,,ok,,100,5,1.0,4336.0896,4341.0842,65.0364,4261.5787,27225,16687
treepoem,qr-near_capacity-eclM-svg,qr,near_capacity,M,,,unsupported,no native SVG writer,0,0,,,,,,,
treepoem,qr-near_capacity-eclQ,qr,near_capacity,Q,,,ok,,100,5,1.0,3818.0996,3819.973,36.8122,3748.4535,27225,16846
treepoem,qr-near_capacity-eclQ-svg,qr,near_capacity,Q,,,unsupported,no native SVG writer,0,0,,,,,,,
treepoem,qr-numeric_long-eclM,qr,numeric_long,M,,,ok,,100,5,1.0,2362.5883,2368.4017,42.2224,2294.2434,1089,3296
treepoem,qr-numeric_long-eclM-svg,qr,numeric_long,M,,,unsupported,no native SVG writer,0,0,,,,,,,
treepoem,qr-numeric_short-eclM,qr,numeric_short,M,,,ok,,100,5,1.0,2344.7088,2347.0884,32.9361,2156.7572,441,2796
treepoem,qr-numeric_short-eclM-svg,qr,numeric_short,M,,,unsupported,no native SVG writer,0,0,,,,,,,
treepoem,qr-text_para-eclM,qr,text_para,M,,,ok,,100,5,1.0,2590.4032,2597.0965,92.3758,2441.8533,5929,6096
treepoem,qr-text_para-eclM-svg,qr,text_para,M,,,unsupported,no native SVG writer,0,0,,,,,,,
treepoem,qr-url-eclM,qr,url,M,,,ok,,100,5,1.0,2412.1904,2413.491,24.5146,2362.9153,1369,3464
treepoem,qr-url-eclM-svg,qr,url,M,,,unsupported,no native SVG writer,0,0,,,,,,,
treepoem,qr-url_nc-eclM,qr,url_near_capacity,M,,,ok,,100,5,1.0,4350.1353,4356.5303,75.8585,4270.6821,27225,16706
treepoem,qr-url_nc-eclM-svg,qr,url_near_capacity,M,,,unsupported,no native SVG writer,0,0,,,,,,,
treepoem,qr-utf8-eclM,qr,utf8,M,utf-8,,ok,,100,5,1.0,2361.91,2361.4188,22.8814,2302.6956,1089,3297
treepoem,qr-utf8-eclM-auto,qr,utf8,M,,,unsupported,cannot take non-ASCII text without a declared charset,0,0,,,,,,,
treepoem,qr-utf8-eclM-auto-svg,qr,utf8,M,,,unsupported,no native SVG writer,0,0,,,,,,,
treepoem,qr-utf8-eclM-svg,qr,utf8,M,utf-8,,unsupported,no native SVG writer,0,0,,,,,,,
treepoem,qr-xml_nc-eclM,qr,xml_near_capacity,M,,,ok,,100,5,1.0,3462.3481,3470.7342,49.9486,3397.8266,27225,16938
treepoem,qr-xml_nc-eclM-svg,qr,xml_near_capacity,M,,,unsupported,no native SVG writer,0,0,,,,,,,
zxingcpp,qr-alnum-eclH,qr,alnum,H,,,ok,,100,5,1.0,0.904,0.8931,0.1002,0.6813,1089,816
zxingcpp,qr-alnum-eclH-svg,qr,alnum,H,,,ok,,100,5,1.0,0.6875,0.673,0.0729,0.5029,1089,3443
zxingcpp,qr-alnum-eclL,qr,alnum,L,,,ok,,100,5,1.0,0.6402,0.6416,0.0465,0.5543,625,553
zxingcpp,qr-alnum-eclL-svg,qr,alnum,L,,,ok,,100,5,1.0,0.4282,0.4296,0.0321,0.3891,625,2049
zxingcpp,qr-alnum-eclM,qr,alnum,M,,,ok,,100,5,1.0,0.6865,0.6939,0.0568,0.592,625,562
zxingcpp,qr-alnum-eclM-svg,qr,alnum,M,,,ok,,100,5,1.0,0.4591,0.4871,0.0785,0.3869,625,2119
zxingcpp,qr-alnum-eclQ,qr,alnum,Q,,,ok,,100,5,1.0,0.7842,0.8182,0.0934,0.6827,841,677
zxingcpp,qr-alnum-eclQ-svg,qr,alnum,Q,,,ok,,100,5,1.0,0.5893,0.6099,0.0704,0.5064,841,2742
zxingcpp,qr-base64_nc-eclM,qr,base64_near_capacity,M,,,ok,,100,5,1.0,14.4301,14.5606,0.5965,14.0778,27225,11927
zxingcpp,qr-base64_nc-eclM-svg,qr,base64_near_capacity,M,,,ok,,100,5,1.0,57.4886,58.1529,2.8393,55.3371,27225,92127
zxingcpp,qr-bcbp-eclM,qr,bcbp,M,,,ok,,100,5,1.0,0.9478,0.8801,0.1766,0.6114,1369,963
zxingcpp,qr-bcbp-eclM-svg,qr,bcbp,M,,,ok,,100,5,1.0,0.863,0.8121,0.2199,0.4957,1369,4496
zxingcpp,qr-json_nc-eclM,qr,json_near_capacity,M,,,ok,,100,5,1.0,14.2899,14.3864,0.3321,14.001,27225,11998
zxingcpp,qr-json_nc-eclM-svg,qr,json_near_capacity,M,,,ok,,100,5,1.0,57.9694,58.7692,2.9155,56.405,27225,92655
zxingcpp,qr-kanji-eclM,qr,kanji,M,shift_jis,,ok,,100,5,1.0,0.7679,0.7303,0.1104,0.4971,1089,818
zxingcpp,qr-kanji-eclM-auto,qr,kanji,M,,,ok,,100,5,1.0,0.7642,0.7251,0.1081,0.5096,1089,818
zxingcpp,qr-kanji-eclM-auto-svg,qr,kanji,M,,,ok,,100,5,1.0,0.6749,0.6161,0.1174,0.3792,1089,3554
zxingcpp,qr-kanji-eclM-svg,qr,kanji,M,shift_jis,,ok,,100,5,1.0,0.6712,0.6254,0.1295,0.3776,1089,3554
zxingcpp,qr-latin1-eclM,qr,latin1,M,iso-8859-1,,ok,,100,5,1.0,0.9934,1.0299,0.1664,0.751,1369,968
zxingcpp,qr-latin1-eclM-auto,qr,latin1,M,,,ok,,100,5,1.0,0.9783,1.0103,0.162,0.7382,1369,968
zxingcpp,qr-latin1-eclM-auto-svg,qr,latin1,M,,,ok,,100,5,1.0,0.919,0.9924,0.2154,0.661,1369,4602
zxingcpp,qr-latin1-eclM-svg,qr,latin1,M,iso-8859-1,,ok,,100,5,1.0,0.9297,0.9866,0.2222,0.6468,1369,4602
zxingcpp,qr-latin1_ambiguous-eclM,qr,latin1_ambiguous,M,iso-8859-1,,ok,,0,0,0.0,,,,,,
zxingcpp,qr-latin1_ambiguous-eclM-auto,qr,latin1_ambiguous,M,,,ok,,0,0,0.0,,,,,,
zxingcpp,qr-latin1_ambiguous-eclM-auto-svg,qr,latin1_ambiguous,M,,,ok,,0,0,0.0,,,,,,
zxingcpp,qr-latin1_ambiguous-eclM-svg,qr,latin1_ambiguous,M,iso-8859-1,,ok,,0,0,0.0,,,,,,
zxingcpp,qr-mixed_modes-eclM,qr,mixed_modes,M,,,ok,,100,5,1.0,1.3841,1.3005,0.2074,0.9939,2025,1260
zxingcpp,qr-mixed_modes-eclM-svg,qr,mixed_modes,M,,,ok,,100,5,1.0,1.3243,1.1839,0.2236,0.8107,2025,6530
zxingcpp,qr-near_capacity-eclH,qr,near_capacity,H,,,ok,,100,5,1.0,14.2031,14.413,0.7388,13.8921,27225,11973
zxingcpp,qr-near_capacity-eclH-svg,qr,near_capacity,H,,,ok,,100,5,1.0,57.3734,57.8496,1.9819,55.7393,27225,92438
zxingcpp,qr-near_capacity-eclL,qr,near_capacity,L,,,ok,,100,5,1.0,14.4771,14.5914,0.4981,13.8811,27225,11781
zxingcpp,qr-near_capacity-eclL-svg,qr,near_capacity,L,,,ok,,100,5,1.0,57.3836,57.795,1.4147,55.8052,27225,93186
zxingcpp,qr-near_capacity-eclM,qr,near_capacity,M,,,ok,,100,5,1.0,14.3093,14.4259,0.6336,13.8255,27225,11860
zxingcpp,qr-near_capacity-eclM-svg,qr,near_capacity,M,,,ok,,100,5,1.0,57.4184,57.6625,1.7294,54.7129,27225,93363
zxingcpp,qr-near_capacity-eclQ,qr,near_capacity,Q,,,ok,,100,5,1.0,14.2511,14.3696,0.5012,13.8781,27225,11956
zxingcpp,qr-near_capacity-eclQ-svg,qr,near_capacity,Q,,,ok,,100,5,1.0,56.8561,57.1472,1.339,54.7306,27225,92489
zxingcpp,qr-numeric_long-eclM,qr,numeric_long,M,,,ok,,100,5,1.0,0.9128,0.8991,0.0817,0.7024,1089,815
zxingcpp,qr-numeric_long-eclM-svg,qr,numeric_long,M,,,ok,,100,5,1.0,0.6928,0.6827,0.0543,0.5431,1089,3614
zxingcpp,qr-numeric_short-eclM,qr,numeric_short,M,,,ok,,100,5,1.0,0.5544,0.5618,0.0403,0.4946,441,405
zxingcpp,qr-numeric_short-eclM-svg,qr,numeric_short,M,,,ok,,100,5,1.0,0.3202,0.3229,0.0329,0.2741,441,1458
zxingcpp,qr-text_para-eclM,qr,text_para,M,,,ok,,100,5,1.0,3.7389,3.4352,0.9408,2.0613,5929,3224
zxingcpp,qr-text_para-eclM-svg,qr,text_para,M,,,ok,,100,5,1.0,5.1964,4.9625,1.8435,2.2831,5929,18983
zxingcpp,qr-url-eclM,qr,url,M,,,ok,,100,5,1.0,1.0505,1.0534,0.0427,0.9471,1369,956
zxingcpp,qr-url-eclM-svg,qr,url,M,,,ok,,100,5,1.0,0.8829,0.8948,0.0831,0.8095,1369,4424
zxingcpp,qr-url_nc-eclM,qr,url_near_capacity,M,,,ok,,100,5,1.0,14.5929,14.6809,0.4866,14.1199,27225,11969
zxingcpp,qr-url_nc-eclM-svg,qr,url_near_capacity,M,,,ok,,100,5,1.0,58.1519,58.7683,2.2592,56.6119,27225,92668
zxingcpp,qr-utf8-eclM,qr,utf8,M,utf-8,,ok,,100,5,1.0,0.8085,0.7829,0.0647,0.6126,1089,824
zxingcpp,qr-utf8-eclM-auto,qr,utf8,M,,,ok,,100,5,1.0,0.8053,0.7858,0.0623,0.6255,1089,824
zxingcpp,qr-utf8-eclM-auto-svg,qr,utf8,M,,,ok,,100,5,1.0,0.6968,0.6754,0.0735,0.4823,1089,3514
zxingcpp,qr-utf8-eclM-svg,qr,utf8,M,utf-8,,ok,,100,5,1.0,0.6822,0.6708,0.0765,0.481,1089,3514
zxingcpp,qr-xml_nc-eclM,qr,xml_near_capacity,M,,,ok,,100,5,1.0,14.4006,14.4991,0.4557,14.0332,27225,11994
zxingcpp,qr-xml_nc-eclM-svg,qr,xml_near_capacity,M,,,ok,,100,5,1.0,58.8489,59.0655,1.1946,57.3151,27225,93865
